dataset,filing_date,accession,xml_url,bytes,event_rows
gm_2022_3_2024,2024-01-25,0001935132-24-000003,https://www.sec.gov/Archives/edgar/data/1935132/000193513224000003/exh102191122023.xml,122531463,2297
gm_2022_3_2024,2024-02-23,0001935132-24-000006,https://www.sec.gov/Archives/edgar/data/1935132/000193513224000006/exh102191012024.xml,116901696,2655
gm_2022_3_2024,2024-03-25,0001935132-24-000014,https://www.sec.gov/Archives/edgar/data/1935132/000193513224000014/exh102191022024.xml,110714878,2822
gm_2022_3_2024,2024-04-25,0001935132-24-000017,https://www.sec.gov/Archives/edgar/data/1935132/000193513224000017/exh102191032024.xml,104151510,3147
gm_2022_3_2024,2024-05-24,0001935132-24-000020,https://www.sec.gov/Archives/edgar/data/1935132/000193513224000020/exh102191042024.xml,96405862,3293
gm_2022_3_2024,2024-06-25,0001935132-24-000023,https://www.sec.gov/Archives/edgar/data/1935132/000193513224000023/exh102191052024.xml,93200051,3922
gm_2022_3_2024,2024-07-25,0001935132-24-000026,https://www.sec.gov/Archives/edgar/data/1935132/000193513224000026/exh102191062024.xml,79458586,2980
gm_2022_3_2024,2024-08-23,0001935132-24-000029,https://www.sec.gov/Archives/edgar/data/1935132/000193513224000029/exh102191072024.xml,72333759,3056
gm_2022_3_2024,2024-09-25,0001935132-24-000032,https://www.sec.gov/Archives/edgar/data/1935132/000193513224000032/exh102191082024.xml,65015194,2853
gm_2022_3_2024,2024-10-25,0001935132-24-000035,https://www.sec.gov/Archives/edgar/data/1935132/000193513224000035/exh102191092024.xml,58139482,2552
gm_2022_3_2024,2024-11-22,0001935132-24-000038,https://www.sec.gov/Archives/edgar/data/1935132/000193513224000038/exh102191102024.xml,54054829,2753
gm_2022_3_2024,2024-12-20,0001935132-24-000041,https://www.sec.gov/Archives/edgar/data/1935132/000193513224000041/exh102191112024.xml,46811200,2328
gm_2023_1_2025,2025-01-24,0001957686-25-000003,https://www.sec.gov/Archives/edgar/data/1957686/000195768625000003/exh102803122024.xml,96727553,2898
gm_2023_1_2025,2025-02-25,0001957686-25-000006,https://www.sec.gov/Archives/edgar/data/1957686/000195768625000006/exh102803012025.xml,87612998,3111
gm_2023_1_2025,2025-03-25,0001957686-25-000017,https://www.sec.gov/Archives/edgar/data/1957686/000195768625000017/exh102803022025.xml,80762902,2971
gm_2023_1_2025,2025-04-25,0001957686-25-000020,https://www.sec.gov/Archives/edgar/data/1957686/000195768625000020/exh102803032025.xml,74088568,3514
gm_2023_1_2025,2025-05-23,0001957686-25-000023,https://www.sec.gov/Archives/edgar/data/1957686/000195768625000023/exh102803042025.xml,65501920,3806
gm_2023_1_2025,2025-06-25,0001957686-25-000027,https://www.sec.gov/Archives/edgar/data/1957686/000195768625000027/exh102803052025.xml,55611415,3369
gm_2023_1_2025,2025-07-25,0001957686-25-000030,https://www.sec.gov/Archives/edgar/data/1957686/000195768625000030/exh102803062025.xml,46724929,2979
gm_2023_3_2025_26,2025-08-25,0001984297-25-000032,https://www.sec.gov/Archives/edgar/data/1984297/000198429725000032/exh102811072025.xml,65632625,2313
gm_2023_3_2025_26,2025-09-24,0001984297-25-000036,https://www.sec.gov/Archives/edgar/data/1984297/000198429725000036/exh102811082025.xml,57536827,2213
gm_2023_3_2025_26,2025-10-24,0001984297-25-000039,https://www.sec.gov/Archives/edgar/data/1984297/000198429725000039/exh102811092025.xml,54062739,2339
gm_2023_3_2025_26,2025-11-21,0001984297-25-000042,https://www.sec.gov/Archives/edgar/data/1984297/000198429725000042/exh102811102025.xml,48264445,2454
gm_2023_3_2025_26,2025-12-19,0001984297-25-000045,https://www.sec.gov/Archives/edgar/data/1984297/000198429725000045/exh102811112025.xml,42054990,2168
gm_2023_3_2025_26,2026-01-23,0001984297-26-000003,https://www.sec.gov/Archives/edgar/data/1984297/000198429726000003/exh102811122025.xml,37382756,2384
gm_2023_3_2025_26,2026-02-23,0001984297-26-000006,https://www.sec.gov/Archives/edgar/data/1984297/000198429726000006/exh102811012026.xml,32292415,2350
nissan_2022a_2024,2024-01-16,0000950131-24-000141,https://www.sec.gov/Archives/edgar/data/1244832/000095013124000141/nalt22aex102_0112-1217.xml,88604216,1774
nissan_2022a_2024,2024-02-20,0000950131-24-000610,https://www.sec.gov/Archives/edgar/data/1244832/000095013124000610/nalt22aex102_0219-1724.xml,84299657,2303
nissan_2022a_2024,2024-03-18,0000950131-24-001051,https://www.sec.gov/Archives/edgar/data/1244832/000095013124001051/nalt22aex102_0315-1201.xml,78600594,2326
nissan_2022a_2024,2024-04-18,0000950131-24-001479,https://www.sec.gov/Archives/edgar/data/1244832/000095013124001479/nalt22aex102_0417-1258.xml,72748404,2302
nissan_2022a_2024,2024-05-16,0000950131-24-002005,https://www.sec.gov/Archives/edgar/data/1244832/000095013124002005/nalt22aex102_0515-1803.xml,66873411,2109
nissan_2022a_2024,2024-06-18,0000950131-24-002555,https://www.sec.gov/Archives/edgar/data/1244832/000095013124002555/nalt22aex102_0617-1255.xml,61538944,2315
nissan_2022a_2024,2024-07-19,0000950131-24-002967,https://www.sec.gov/Archives/edgar/data/1244832/000095013124002967/nalt22aex102_0718-1530.xml,55356073,2081
nissan_2022a_2024,2024-08-20,0000950131-24-003389,https://www.sec.gov/Archives/edgar/data/1244832/000095013124003389/nalt22aex102_0819-1721.xml,50390560,2445
nissan_2022a_2024,2024-09-17,0000950131-24-003767,https://www.sec.gov/Archives/edgar/data/1244832/000095013124003767/nalt22aex102_0916-1958.xml,44329754,2224
nissan_2023b_2025,2025-01-22,0000950131-25-000360,https://www.sec.gov/Archives/edgar/data/1244832/000095013125000360/nalt23bex102_0121-1905.xml,77736235,2010
nissan_2023b_2025,2025-02-20,0000950131-25-000770,https://www.sec.gov/Archives/edgar/data/1244832/000095013125000770/nalt23bex102_0220-1343.xml,74007677,2168
nissan_2023b_2025,2025-03-20,0000950131-25-001224,https://www.sec.gov/Archives/edgar/data/1244832/000095013125001224/nalt23bex102_0319-1723.xml,69673441,1875
nissan_2023b_2025,2025-04-22,0000950131-25-001721,https://www.sec.gov/Archives/edgar/data/1244832/000095013125001721/nalt23bex102_0422-1535.xml,65887039,2023
nissan_2023b_2025,2025-05-21,0000950131-25-002150,https://www.sec.gov/Archives/edgar/data/1244832/000095013125002150/nalt23bex102_0520-1521.xml,61540085,2091
nissan_2023b_2025,2025-06-18,0000950131-25-002472,https://www.sec.gov/Archives/edgar/data/1244832/000095013125002472/nalt23bex102_0618-1315.xml,56971726,1758
nissan_2023b_2025,2025-07-23,0000950131-25-003004,https://www.sec.gov/Archives/edgar/data/1244832/000095013125003004/nalt23bex102_0722-1835.xml,52798083,1475
nissan_2023b_2025,2025-08-20,0000950131-25-003334,https://www.sec.gov/Archives/edgar/data/1244832/000095013125003334/nalt23bex102_0819-1441.xml,49610110,1560
nissan_2023b_2025,2025-09-24,0001193125-25-214529,https://www.sec.gov/Archives/edgar/data/1244832/000119312525214529/nalt23bex102_0923-1936.xml,46299596,1507
nissan_2023b_2025,2025-10-22,0001193125-25-246881,https://www.sec.gov/Archives/edgar/data/1244832/000119312525246881/nalt23bex102_1017-1758.xml,43241494,1748
nissan_2023b_2025,2025-11-19,0001193125-25-287219,https://www.sec.gov/Archives/edgar/data/1244832/000119312525287219/nalt23bex102_1114-1306.xml,40126924,2044
nissan_2024a_2025_26,2025-10-22,0001193125-25-246884,https://www.sec.gov/Archives/edgar/data/1244832/000119312525246884/nalt24aex102_1017-1829.xml,120188892,2183
nissan_2024a_2025_26,2025-11-19,0001193125-25-287220,https://www.sec.gov/Archives/edgar/data/1244832/000119312525287220/nalt24aex102_1114-1308.xml,116351714,2437
nissan_2024a_2025_26,2025-12-17,0001193125-25-321855,https://www.sec.gov/Archives/edgar/data/1244832/000119312525321855/nalt24aex102_1212-1228.xml,111350297,2769
nissan_2024a_2025_26,2026-01-21,0001193125-26-017401,https://www.sec.gov/Archives/edgar/data/1244832/000119312526017401/nalt24aex102_0116-1352.xml,115943575,3062
nissan_2024a_2025_26,2026-02-18,0001193125-26-055210,https://www.sec.gov/Archives/edgar/data/1244832/000119312526055210/nalt24aex102_0216-1619.xml,110921912,3862
nissan_2024a_2025_26,2026-03-25,0001193125-26-123020,https://www.sec.gov/Archives/edgar/data/1244832/000119312526123020/nalt24aex102_0323-1600.xml,103343432,4154
nissan_2024a_2025_26,2026-04-22,0001193125-26-169074,https://www.sec.gov/Archives/edgar/data/1244832/000119312526169074/nalt24aex102_0416-1751.xml,96614895,5250
nissan_2024a_2025_26,2026-05-20,0001193125-26-231902,https://www.sec.gov/Archives/edgar/data/1244832/000119312526231902/nalt24aex102_0518-1747.xml,87573360,5980
nissan_2024a_2025_26,2026-06-24,0001193125-26-280636,https://www.sec.gov/Archives/edgar/data/1244832/000119312526280636/nalt24aex102_0624-0800.xml,74938123,5786
nissan_2024a_2025_26,2026-07-22,0001193125-26-311764,https://www.sec.gov/Archives/edgar/data/1244832/000119312526311764/nalt24aex102_0721-1948.xml,62743982,5382
vw_2022a_2024,2024-01-22,0001104659-24-005421,https://www.sec.gov/Archives/edgar/data/1182534/000110465924005421/tm243507d1_ex102.xml,118861348,13402
vw_2022a_2024,2024-02-20,0001104659-24-025303,https://www.sec.gov/Archives/edgar/data/1182534/000110465924025303/tm243507d1_ex102.xml,119004038,15152
vw_2022a_2024,2024-03-20,0001104659-24-036525,https://www.sec.gov/Archives/edgar/data/1182534/000110465924036525/tm249000d1_ex102.xml,119100612,16753
vw_2022a_2024,2024-04-22,0001104659-24-049802,https://www.sec.gov/Archives/edgar/data/1182534/000110465924049802/tm2412239d1_ex102.xml,119218315,18467
vw_2022a_2024,2024-05-20,0001104659-24-063231,https://www.sec.gov/Archives/edgar/data/1182534/000110465924063231/tm2414736d1_ex102.xml,119360097,20425
vw_2022a_2024,2024-06-20,0001104659-24-073253,https://www.sec.gov/Archives/edgar/data/1182534/000110465924073253/tm2417431d1_ex102.xml,119481394,22270
vw_2022a_2024,2024-07-22,0001104659-24-081276,https://www.sec.gov/Archives/edgar/data/1182534/000110465924081276/tm2419676d1_ex102.xml,119569830,23819
vw_2022a_2024,2024-08-20,0001104659-24-091095,https://www.sec.gov/Archives/edgar/data/1182534/000110465924091095/tm2421928d1_ex102.xml,119722887,25801
vw_2022a_2024,2024-09-20,0001104659-24-101613,https://www.sec.gov/Archives/edgar/data/1182534/000110465924101613/tm2424317d1_ex102.xml,119822998,27477
vw_2023a_2025,2025-01-21,0001104659-25-004811,https://www.sec.gov/Archives/edgar/data/1182534/000110465925004811/tm253704d1_ex-102.xml,175058187,18303
vw_2023a_2025,2025-02-20,0001104659-25-015413,https://www.sec.gov/Archives/edgar/data/1182534/000110465925015413/tm256977d1_ex102.xml,174781456,20543
vw_2023a_2025,2025-03-20,0001104659-25-025778,https://www.sec.gov/Archives/edgar/data/1182534/000110465925025778/tm259703d1_ex102.xml,174921111,22724
vw_2023a_2025,2025-04-21,0001104659-25-036467,https://www.sec.gov/Archives/edgar/data/1182534/000110465925036467/tm2512719d1_ex102.xml,175085484,25050
vw_2023a_2025,2025-05-20,0001104659-25-050702,https://www.sec.gov/Archives/edgar/data/1182534/000110465925050702/tm2515447d1_ex102.xml,175221339,27231
vw_2023a_2025,2025-06-20,0001104659-25-060944,https://www.sec.gov/Archives/edgar/data/1182534/000110465925060944/tm2517555d1_ex102.xml,175320574,28956
vw_2023a_2025,2025-07-21,0001104659-25-069128,https://www.sec.gov/Archives/edgar/data/1182534/000110465925069128/tm2521111d1_ex102.xml,175380813,30796
vw_2023a_2025,2025-08-20,0001104659-25-080635,https://www.sec.gov/Archives/edgar/data/1182534/000110465925080635/tm2523787d1_ex102.xml,175569581,32728
vw_2023a_2025,2025-09-22,0001104659-25-091987,https://www.sec.gov/Archives/edgar/data/1182534/000110465925091987/tm2526480d1_ex102.xml,175683781,34577
vw_2023a_2025,2025-10-20,0001104659-25-100547,https://www.sec.gov/Archives/edgar/data/1182534/000110465925100547/tm2528933d1_ex102.xml,175836163,36666
vw_2023a_2025,2025-11-20,0001104659-25-114319,https://www.sec.gov/Archives/edgar/data/1182534/000110465925114319/tm2531503d1_ex102.xml,175997953,38887
vw_2023a_2025,2025-12-22,0001104659-25-123431,https://www.sec.gov/Archives/edgar/data/1182534/000110465925123431/tm2533763d1_ex102.xml,176111375,40796
vw_2023a_2025,2026-01-20,0001104659-26-004756,https://www.sec.gov/Archives/edgar/data/1182534/000110465926004756/tm263312d1_ex102.xml,176274206,43029
vw_2024a_2025_26,2025-10-20,0001104659-25-100550,https://www.sec.gov/Archives/edgar/data/1182534/000110465925100550/tm2528933d2_ex102.xml,154693726,12833
vw_2024a_2025_26,2025-11-20,0001104659-25-114325,https://www.sec.gov/Archives/edgar/data/1182534/000110465925114325/tm2531503d2_ex102.xml,154767918,13955
vw_2024a_2025_26,2025-12-22,0001104659-25-123434,https://www.sec.gov/Archives/edgar/data/1182534/000110465925123434/tm2533763d2_ex102.xml,154807529,14901
vw_2024a_2025_26,2026-01-20,0001104659-26-004760,https://www.sec.gov/Archives/edgar/data/1182534/000110465926004760/tm263312d2_ex102.xml,154912487,16152
vw_2024a_2025_26,2026-02-20,0001104659-26-017769,https://www.sec.gov/Archives/edgar/data/1182534/000110465926017769/tm266796d1_ex102.xml,154998987,17487
vw_2024a_2025_26,2026-03-20,0001104659-26-032305,https://www.sec.gov/Archives/edgar/data/1182534/000110465926032305/tm269308d1_ex102.xml,155097715,19094
vw_2024a_2025_26,2026-04-20,0001104659-26-045308,https://www.sec.gov/Archives/edgar/data/1182534/000110465926045308/tm2612033d1_ex102.xml,155297154,21534
vw_2024a_2025_26,2026-05-20,0001104659-26-064093,https://www.sec.gov/Archives/edgar/data/1182534/000110465926064093/tm2615010d1_ex102.xml,155463570,24039
vw_2024a_2025_26,2026-06-22,0001104659-26-076121,https://www.sec.gov/Archives/edgar/data/1182534/000110465926076121/tm2618214d1_ex102.xml,155602342,26412
vw_2024a_2025_26,2026-07-20,0001104659-26-084810,https://www.sec.gov/Archives/edgar/data/1182534/000110465926084810/tm2620697d1_ex102.xml,155811247,29306
vw_2024a_2025_26,2026-08-20,0001104659-26-098922,https://www.sec.gov/Archives/edgar/data/1182534/000110465926098922/tm2623520d1_ex102.xml,156012318,32291
vw_2024a_2025_26,2026-09-21,0001104659-26-109035,https://www.sec.gov/Archives/edgar/data/1182534/000110465926109035/tm2625634d1_ex102.xml,156206327,35313
ford_2022a_2024,2024-01-18,0001917698-24-000002,https://www.sec.gov/Archives/edgar/data/1917698/000191769824000002/autoleasemonthlydeal1083pool.xml,94137167,3031
ford_2022a_2024,2024-02-20,0001917698-24-000006,https://www.sec.gov/Archives/edgar/data/1917698/000191769824000006/autoleasemonthlydeal1083pool.xml,87968803,3569
ford_2022a_2024,2024-03-19,0001917698-24-000011,https://www.sec.gov/Archives/edgar/data/1917698/000191769824000011/autoleasemonthlydeal1083pool.xml,80164542,3340
ford_2022a_2024,2024-04-17,0001917698-24-000016,https://www.sec.gov/Archives/edgar/data/1917698/000191769824000016/autoleasemonthlydeal1083pool.xml,72654286,3191
ford_2022a_2024,2024-05-20,0001917698-24-000021,https://www.sec.gov/Archives/edgar/data/1917698/000191769824000021/autoleasemonthlydeal1083pool.xml,65515868,3350
ford_2022a_2024,2024-06-20,0001917698-24-000025,https://www.sec.gov/Archives/edgar/data/1917698/000191769824000025/autoleasemonthlydeal1083pool.xml,58652918,3206
ford_2022a_2024,2024-07-17,0001917698-24-000029,https://www.sec.gov/Archives/edgar/data/1917698/000191769824000029/autoleasemonthlydeal1083pool.xml,51376955,2506
ford_2022a_2024,2024-08-19,0001917698-24-000033,https://www.sec.gov/Archives/edgar/data/1917698/000191769824000033/autoleasemonthlydeal1083pool.xml,46337602,2841
ford_2022a_2024,2024-09-18,0001917698-24-000037,https://www.sec.gov/Archives/edgar/data/1917698/000191769824000037/autoleasemonthlydeal1083pool.xml,40924498,3092
ford_2022a_2024,2024-10-17,0001917698-24-000041,https://www.sec.gov/Archives/edgar/data/1917698/000191769824000041/autoleasemonthlydeal1083pool.xml,35157765,3360
ford_2022a_2024,2024-11-19,0001917698-24-000045,https://www.sec.gov/Archives/edgar/data/1917698/000191769824000045/autoleasemonthlydeal1083pool.xml,29270387,3673
ford_2022a_2024,2024-12-17,0001917698-24-000049,https://www.sec.gov/Archives/edgar/data/1917698/000191769824000049/autoleasemonthlydeal1083pool.xml,21696778,2930
ford_2023b_2025,2025-01-17,0001991085-25-000002,https://www.sec.gov/Archives/edgar/data/1991085/000199108525000002/autoleasemonthlydeal1140pool.xml,90695450,2151
ford_2023b_2025,2025-02-20,0001991085-25-000006,https://www.sec.gov/Archives/edgar/data/1991085/000199108525000006/autoleasemonthlydeal1140pool.xml,86508025,2319
ford_2023b_2025,2025-03-19,0001991085-25-000010,https://www.sec.gov/Archives/edgar/data/1991085/000199108525000010/autoleasemonthlydeal1140pool.xml,81787526,2178
ford_2023b_2025,2025-04-22,0001991085-25-000016,https://www.sec.gov/Archives/edgar/data/1991085/000199108525000016/autoleasemonthlydeal1140pool.xml,77530558,2410
ford_2023b_2025,2025-05-19,0001991085-25-000022,https://www.sec.gov/Archives/edgar/data/1991085/000199108525000022/autoleasemonthlydeal1140pool.xml,72643482,2578
ford_2023b_2025,2025-06-18,0001991085-25-000026,https://www.sec.gov/Archives/edgar/data/1991085/000199108525000026/autoleasemonthlydeal1140pool.xml,67009529,2292
ford_2023b_2025,2025-07-17,0001991085-25-000030,https://www.sec.gov/Archives/edgar/data/1991085/000199108525000030/autoleasemonthlydeal1140pool.xml,61940749,2025
ford_2023b_2025,2025-08-21,0001991085-25-000036,https://www.sec.gov/Archives/edgar/data/1991085/000199108525000036/autoleasemonthlydeal1140pool.xml,57798077,2140
ford_2023b_2025,2025-09-17,0001991085-25-000040,https://www.sec.gov/Archives/edgar/data/1991085/000199108525000040/autoleasemonthlydeal1140pool.xml,53176556,1931
ford_2023b_2025,2025-10-17,0001991085-25-000045,https://www.sec.gov/Archives/edgar/data/1991085/000199108525000045/autoleasemonthlydeal1140pool.xml,49180797,1978
ford_2023b_2025,2025-11-18,0001991085-25-000049,https://www.sec.gov/Archives/edgar/data/1991085/000199108525000049/autoleasemonthlydeal1140pool.xml,45289883,2149
ford_2023b_2025,2025-12-16,0001991085-25-000053,https://www.sec.gov/Archives/edgar/data/1991085/000199108525000053/autoleasemonthlydeal1140pool.xml,40625930,1822
ford_2024a_2025_26,2025-10-17,0002006933-25-000043,https://www.sec.gov/Archives/edgar/data/2006933/000200693325000043/autoleasemonthlydeal1148pool.xml,90552043,3018
ford_2024a_2025_26,2025-11-18,0002006933-25-000047,https://www.sec.gov/Archives/edgar/data/2006933/000200693325000047/autoleasemonthlydeal1148pool.xml,84988793,3165
ford_2024a_2025_26,2025-12-16,0002006933-25-000051,https://www.sec.gov/Archives/edgar/data/2006933/000200693325000051/autoleasemonthlydeal1148pool.xml,78794900,2515
ford_2024a_2025_26,2026-01-16,0002006933-26-000002,https://www.sec.gov/Archives/edgar/data/2006933/000200693326000002/autoleasemonthlydeal1148pool.xml,73882585,2464
ford_2024a_2025_26,2026-02-18,0002006933-26-000007,https://www.sec.gov/Archives/edgar/data/2006933/000200693326000007/autoleasemonthlydeal1148pool.xml,69158434,2375
ford_2024a_2025_26,2026-03-17,0002006933-26-000011,https://www.sec.gov/Archives/edgar/data/2006933/000200693326000011/autoleasemonthlydeal1148pool.xml,64437818,2393
ford_2024a_2025_26,2026-04-16,0002006933-26-000017,https://www.sec.gov/Archives/edgar/data/2006933/000200693326000017/autoleasemonthlydeal1148pool.xml,59733982,2878
ford_2024a_2025_26,2026-05-18,0002006933-26-000021,https://www.sec.gov/Archives/edgar/data/2006933/000200693326000021/autoleasemonthlydeal1148pool.xml,53579529,3057
ford_2024a_2025_26,2026-06-16,0002006933-26-000025,https://www.sec.gov/Archives/edgar/data/2006933/000200693326000025/autoleasemonthlydeal1148pool.xml,46865432,2883
ford_2024a_2025_26,2026-07-16,0002006933-26-000029,https://www.sec.gov/Archives/edgar/data/2006933/000200693326000029/autoleasemonthlydeal1148pool.xml,40907484,3286
ford_2024a_2025_26,2026-08-18,0002006933-26-000033,https://www.sec.gov/Archives/edgar/data/2006933/000200693326000033/autoleasemonthlydeal1148pool.xml,34115075,3221
gm_2017_3_2019,2019-01-25,0001712799-19-000003,https://www.sec.gov/Archives/edgar/data/1712799/000171279919000003/exh102227122018.xml,132845787,1407
gm_2017_3_2019,2019-02-22,0001712799-19-000006,https://www.sec.gov/Archives/edgar/data/1712799/000171279919000006/exh102227012019.xml,129911098,1916
gm_2017_3_2019,2019-03-25,0001712799-19-000009,https://www.sec.gov/Archives/edgar/data/1712799/000171279919000009/exh102227022019.xml,124562206,1880
gm_2017_3_2019,2019-04-25,0001712799-19-000012,https://www.sec.gov/Archives/edgar/data/1712799/000171279919000012/exh102227032019.xml,119613547,4421
gm_2017_3_2019,2019-05-24,0001712799-19-000016,https://www.sec.gov/Archives/edgar/data/1712799/000171279919000016/exh102227042019.xml,112191447,3967
gm_2017_3_2019,2019-06-25,0001712799-19-000020,https://www.sec.gov/Archives/edgar/data/1712799/000171279919000020/exh102227052019.xml,107273182,4552
gm_2017_3_2019,2019-07-25,0001712799-19-000023,https://www.sec.gov/Archives/edgar/data/1712799/000171279919000023/exh102227062019.xml,99311768,4346
gm_2017_3_2019,2019-08-23,0001712799-19-000026,https://www.sec.gov/Archives/edgar/data/1712799/000171279919000026/exh102227072019.xml,94094872,4961
gm_2017_3_2019,2019-09-25,0001712799-19-000030,https://www.sec.gov/Archives/edgar/data/1712799/000171279919000030/exh102227082019.xml,85860899,4694
gm_2017_3_2019,2019-10-25,0001712799-19-000033,https://www.sec.gov/Archives/edgar/data/1712799/000171279919000033/exh102227092019.xml,79348467,4775
gm_2017_3_2019,2019-11-25,0001712799-19-000036,https://www.sec.gov/Archives/edgar/data/1712799/000171279919000036/exh102227102019.xml,72021041,4747
gm_2017_3_2019,2019-12-23,0001712799-19-000039,https://www.sec.gov/Archives/edgar/data/1712799/000171279919000039/exh102227112019.xml,63390327,4012
gm_2018_3_2020,2020-01-23,0001747909-20-000003,https://www.sec.gov/Archives/edgar/data/1747909/000174790920000003/exh102117122019.xml,138368013,4079
gm_2018_3_2020,2020-02-25,0001747909-20-000006,https://www.sec.gov/Archives/edgar/data/1747909/000174790920000006/exh102117012020.xml,132772840,4593
gm_2018_3_2020,2020-03-25,0001747909-20-000011,https://www.sec.gov/Archives/edgar/data/1747909/000174790920000011/exh102117022020.xml,130201436,4331
gm_2018_3_2020,2020-04-24,0001747909-20-000014,https://www.sec.gov/Archives/edgar/data/1747909/000174790920000014/exh102117032020.xml,119546740,4348
gm_2018_3_2020,2020-05-22,0001747909-20-000017,https://www.sec.gov/Archives/edgar/data/1747909/000174790920000017/exh102117042020.xml,113170656,3460
gm_2018_3_2020,2020-06-25,0001747909-20-000020,https://www.sec.gov/Archives/edgar/data/1747909/000174790920000020/exh102117052020.xml,109562199,4081
gm_2018_3_2020,2020-07-24,0001747909-20-000023,https://www.sec.gov/Archives/edgar/data/1747909/000174790920000023/exh102117062020.xml,105575419,5143
gm_2018_3_2020,2020-08-25,0001747909-20-000026,https://www.sec.gov/Archives/edgar/data/1747909/000174790920000026/exh102117072020.xml,98351620,5324
gm_2018_3_2020,2020-09-25,0001747909-20-000029,https://www.sec.gov/Archives/edgar/data/1747909/000174790920000029/exh102117082020.xml,88727548,4743
gm_2018_3_2020,2020-10-23,0001747909-20-000032,https://www.sec.gov/Archives/edgar/data/1747909/000174790920000032/exh102117092020.xml,81037984,5271
gm_2018_3_2020,2020-11-24,0001747909-20-000035,https://www.sec.gov/Archives/edgar/data/1747909/000174790920000035/exh102117102020.xml,70808758,4827
gm_2018_3_2020,2020-12-23,0001747909-20-000038,https://www.sec.gov/Archives/edgar/data/1747909/000174790920000038/exh102117112020.xml,61238625,4454
gm_2019_3_2021,2021-01-25,0001781258-21-000003,https://www.sec.gov/Archives/edgar/data/1781258/000178125821000003/exh102139122020.xml,110687011,3070
gm_2019_3_2021,2021-02-25,0001781258-21-000006,https://www.sec.gov/Archives/edgar/data/1781258/000178125821000006/exh102139012021.xml,106298789,3369
gm_2019_3_2021,2021-03-25,0001781258-21-000009,https://www.sec.gov/Archives/edgar/data/1781258/000178125821000009/exh102139022021.xml,100847432,3172
gm_2019_3_2021,2021-04-23,0001781258-21-000012,https://www.sec.gov/Archives/edgar/data/1781258/000178125821000012/exh102139032021.xml,95667328,3413
gm_2019_3_2021,2021-05-25,0001781258-21-000015,https://www.sec.gov/Archives/edgar/data/1781258/000178125821000015/exh102139042021.xml,89352503,3181
gm_2019_3_2021,2021-06-25,0001781258-21-000018,https://www.sec.gov/Archives/edgar/data/1781258/000178125821000018/exh102139052021.xml,82542875,2899
gm_2019_3_2021,2021-07-23,0001781258-21-000021,https://www.sec.gov/Archives/edgar/data/1781258/000178125821000021/exh102139062021.xml,75721299,2758
gm_2019_3_2021,2021-08-25,0001781258-21-000024,https://www.sec.gov/Archives/edgar/data/1781258/000178125821000024/exh102139072021.xml,68153513,2191
gm_2019_3_2021,2021-09-24,0001781258-21-000028,https://www.sec.gov/Archives/edgar/data/1781258/000178125821000028/exh102139082021.xml,62146400,1884
gm_2019_3_2021,2021-10-25,0001781258-21-000031,https://www.sec.gov/Archives/edgar/data/1781258/000178125821000031/exh102139092021.xml,56793297,1756
gm_2019_3_2021,2021-11-23,0001781258-21-000034,https://www.sec.gov/Archives/edgar/data/1781258/000178125821000034/exh102139102021.xml,51875868,1811
gm_2019_3_2021,2021-12-22,0001781258-21-000037,https://www.sec.gov/Archives/edgar/data/1781258/000178125821000037/exh102139112021.xml,46530131,1743
gm_2020_3_2022,2022-01-25,0001822360-22-000003,https://www.sec.gov/Archives/edgar/data/1822360/000182236022000003/exh102157122021.xml,175361560,2376
gm_2020_3_2022,2022-02-25,0001822360-22-000006,https://www.sec.gov/Archives/edgar/data/1822360/000182236022000006/exh102157012022.xml,167879636,2428
gm_2020_3_2022,2022-03-25,0001822360-22-000009,https://www.sec.gov/Archives/edgar/data/1822360/000182236022000009/exh102157022022.xml,160140641,2646
gm_2020_3_2022,2022-04-25,0001822360-22-000012,https://www.sec.gov/Archives/edgar/data/1822360/000182236022000012/exh102157032022.xml,151714592,3409
gm_2020_3_2022,2022-05-25,0001822360-22-000015,https://www.sec.gov/Archives/edgar/data/1822360/000182236022000015/exh102157042022.xml,140524451,2798
gm_2020_3_2022,2022-06-24,0001822360-22-000018,https://www.sec.gov/Archives/edgar/data/1822360/000182236022000018/exh102157052022.xml,131411433,2797
gm_2020_3_2022,2022-07-25,0001822360-22-000021,https://www.sec.gov/Archives/edgar/data/1822360/000182236022000021/exh102157062022.xml,122325839,2958
gm_2020_3_2022,2022-08-24,0001822360-22-000024,https://www.sec.gov/Archives/edgar/data/1822360/000182236022000024/exh102157072022.xml,112648711,2611
gm_2020_3_2022,2022-09-23,0001822360-22-000027,https://www.sec.gov/Archives/edgar/data/1822360/000182236022000027/exh102157082022.xml,104306412,2778
gm_2020_3_2022,2022-10-25,0001822360-22-000030,https://www.sec.gov/Archives/edgar/data/1822360/000182236022000030/exh102157092022.xml,95486414,2554
gm_2020_3_2022,2022-11-22,0001822360-22-000033,https://www.sec.gov/Archives/edgar/data/1822360/000182236022000033/exh102157102022.xml,87620249,2491
gm_2020_3_2022,2022-12-21,0001822360-22-000036,https://www.sec.gov/Archives/edgar/data/1822360/000182236022000036/exh102157112022.xml,79968595,2548
gm_2021_3_2023,2023-01-25,0001870475-23-000003,https://www.sec.gov/Archives/edgar/data/1870475/000187047523000003/exh102177122022.xml,117178163,1346
gm_2021_3_2023,2023-02-24,0001870475-23-000006,https://www.sec.gov/Archives/edgar/data/1870475/000187047523000006/exh102177012023.xml,113384603,1535
gm_2021_3_2023,2023-03-24,0001870475-23-000011,https://www.sec.gov/Archives/edgar/data/1870475/000187047523000011/exh102177022023.xml,109071902,1485
gm_2021_3_2023,2023-04-25,0001870475-23-000014,https://www.sec.gov/Archives/edgar/data/1870475/000187047523000014/exh102177032023.xml,105007846,1813
gm_2021_3_2023,2023-05-25,0001870475-23-000017,https://www.sec.gov/Archives/edgar/data/1870475/000187047523000017/exh102177042023.xml,99670623,1647
gm_2021_3_2023,2023-06-23,0001870475-23-000020,https://www.sec.gov/Archives/edgar/data/1870475/000187047523000020/exh102177052023.xml,94687186,1761
gm_2021_3_2023,2023-07-25,0001870475-23-000023,https://www.sec.gov/Archives/edgar/data/1870475/000187047523000023/exh102177062023.xml,89373240,1791
gm_2021_3_2023,2023-08-25,0001870475-23-000026,https://www.sec.gov/Archives/edgar/data/1870475/000187047523000026/exh102177072023.xml,83938157,1808
gm_2021_3_2023,2023-09-25,0001870475-23-000029,https://www.sec.gov/Archives/edgar/data/1870475/000187047523000029/exh102177082023.xml,78589966,2310
gm_2021_3_2023,2023-10-25,0001870475-23-000032,https://www.sec.gov/Archives/edgar/data/1870475/000187047523000032/exh102177092023.xml,71800847,2267
gm_2021_3_2023,2023-11-17,0001870475-23-000035,https://www.sec.gov/Archives/edgar/data/1870475/000187047523000035/exh102177102023.xml,65387869,2695
gm_2021_3_2023,2023-12-19,0001870475-23-000038,https://www.sec.gov/Archives/edgar/data/1870475/000187047523000038/exh102177112023.xml,57929373,2539
